{
  "$schema": "https://raw.githubusercontent.com/grafana/grafana/master/docs/sources/developers/plugins/plugin.schema.json",
  "type": "datasource",
  "name": "Firstplugin",
  "id": "evoila-firstplugin-datasource",
  "metrics": true,
  "logs": true,
  "info": {
    "description": "",
    "author": {
      "name": "Evoila"
    },
    "keywords": ["datasource"],
    "logos": {
      "small": "img/logo.svg",
      "large": "img/logo.svg"
    },
    "links": [],
    "screenshots": [],
    "version": "1.0.0",
    "updated": "2023-09-04"
  },
  "dependencies": {
    "grafanaDependency": ">=9.5.3",
    "plugins": []
  }
}
